supplier_name,supplier_id
pt acon,1
jaya abadi karya utama,2
Truk Split,3
BOPAK,4
pt. adhi cakra utama,5
ameng,6
CV kurnia,7
sherlyn,8
brc depo,9
bintang jaya,10
kodai door,11
semesta makmur perkasa,12
SKC CILANGKAP,13
KIRANA,14
saka,15
Cahaya makmur,16
cahaya makmur,16
tan tan,17
SAKA,18
Koko serat,19
PT Agata,20
imanuel,21
SKC,22
udin Almunium,23
SPLIT,24
Pasir Truk,25
wahana,26
PT subur jaya,27
toko,28
prima jaya,29
surya prima,30
caha,31
aquaproof,32
SOK TOREN,33
KITING,34
ring,35
jmm,36
SINAR MAKMUR,37
Subur Interprima Jaya,38
PASIR TRONTON,39
PT SEIV,40
milpo,41
cahaya MAKMUR,16
cahaya dua putri,42
CAHAYA MAKMUR,16
undefined,44
julianto,45
bata merah,46
SINAR KERAMIK CILANGKAP,47
sinar keramik,47
HANDOGO,48
bumi agung,49
Tirtakencana,51
holo,52
catur sentosa adiprana,53
Wil,54
TB SINAR MAKMUR,37
Pandi Pratama,56
bmp,57
PT.sembilan samudra perkasa(Kenzie),58
Immanuel Sentosa,59
kirana,60
pt. bondex national,61
besi,62
bata merah H Arman,63
nippon paint,64
kiting,34
dulux,66
Sinar Makmur Lestarindo,67
Mandiri Jaya S.K,68
triplek,69
matrial setu ko Windi,70
tb. samudra,71
loster,72
sinar kramik,73
rio andawa,74